Year|Code|Title|Instructor|School|Term|Period|Classroom|c_id
2025|GENX201S|Intermediate Seminar (Shakespearean Tragedy) [E] 01|YAGI, Naoko|Schl Political Sci/Econo|spring semester|['Mon.2']|['3-713']|https://www.wsl.waseda.jp/syllabus/JAA104.php?pKey=1100001S360120251100001S3611&pLng=en
2025|POLX401L|Research Methods in Political Science (Empirical Analysis) [E] 02|TAGO, Atsushi|Schl Political Sci/Econo|fall semester|['Thur.1']|['undecided']|https://www.wsl.waseda.jp/syllabus/JAA104.php?pKey=1100009H010220251100009H0111&pLng=en
2025|POLX401L|Research Methods in Political Science (Normative Studies) [E] 02|INAMURA, Kazutaka|Schl Political Sci/Econo|fall semester|['Fri.1']|['undecided']|https://www.wsl.waseda.jp/syllabus/JAA104.php?pKey=1100009H020220251100009H0211&pLng=en
2025|POLX401L|Research Methods in Political Science (Formal Models) [E] 02|KURIZAKI, Shuhei|Schl Political Sci/Econo|fall semester|['Mon.3']|['undecided']|https://www.wsl.waseda.jp/syllabus/JAA104.php?pKey=1100009H030220251100009H0311&pLng=en
2025|POLX421L|Reading Seminar in Political Thought [E] 01|YAZAWA, Masashi／YAMAOKA, Ryuichi|Schl Political Sci/Econo|spring semester|['Thur.2']|['undecided']|https://www.wsl.waseda.jp/syllabus/JAA104.php?pKey=1101005812012025110100581211&pLng=en
2025|POLX441L|Reading Seminar in International Relations [E] 01|KURIZAKI, Shuhei|Schl Political Sci/Econo|fall semester|['Mon.4']|['undecided']|https://www.wsl.waseda.jp/syllabus/JAA104.php?pKey=1101005814012025110100581411&pLng=en
2025|POLX451L|Reading Seminar in Public Administration [E] 01|INATSUGU, Hiroaki／OKAMOTO, Mitsuhiko|Schl Political Sci/Econo|spring semester|['Tues.3']|['undecided']|https://www.wsl.waseda.jp/syllabus/JAA104.php?pKey=1101005815012025110100581511&pLng=en
2025|GENX201S|Intermediate Seminar (Labour Economics) [E] 01|RUJIWATTANAPONG, Wongkot Similan|Schl Political Sci/Econo|spring semester|['Mon.4']|['3-709']|https://www.wsl.waseda.jp/syllabus/JAA104.php?pKey=11G0001S2201202511G0001S2211&pLng=en
2025|GENX201S|Intermediate Seminar (Labour Market Dynamics) [E] 01|RUJIWATTANAPONG, Wongkot Similan|Schl Political Sci/Econo|spring semester|['Mon.5']|['3-709']|https://www.wsl.waseda.jp/syllabus/JAA104.php?pKey=11G0001S2901202511G0001S2911&pLng=en
2025|GENX201S|Intermediate Seminar (Introduction to Empirical Economics) [E] 01|YOSHIDA, Masahiro|Schl Political Sci/Econo|fall semester|['Fri.2']|['3-608']|https://www.wsl.waseda.jp/syllabus/JAA104.php?pKey=11G0001S3301202511G0001S3311&pLng=en
2025|GENX201S|Intermediate Seminar (Introduction to Japan's International Relations) [E] 01|FUJITA, Goro|Schl Political Sci/Econo|spring semester|['Wed.3']|['3-704']|https://www.wsl.waseda.jp/syllabus/JAA104.php?pKey=11G0001S3401202511G0001S3411&pLng=en
2025|GENX201S|Intermediate Seminar (Russo-Japanese Relations) [E] 01|SHULATOV, Yaroslav|Schl Political Sci/Econo|spring semester|['Thur.3']|['3-1104演習室']|https://www.wsl.waseda.jp/syllabus/JAA104.php?pKey=11G0001S3501202511G0001S3511&pLng=en
2025|GENX201S|Intermediate Seminar (Democracy: For and Against) [E] 01|KOBAYASHI, Takuto|Schl Political Sci/Econo|fall semester|['Tues.3']|['3-1104演習室']|https://www.wsl.waseda.jp/syllabus/JAA104.php?pKey=11G0001S3701202511G0001S3711&pLng=en
2025|GENX201S|Intermediate Seminar (Postwar Japan and Asia) [E] 01|FUJITA, Goro|Schl Political Sci/Econo|fall semester|['Tues.3']|['7-303']|https://www.wsl.waseda.jp/syllabus/JAA104.php?pKey=11G0001S3801202511G0001S3811&pLng=en
2025|GENX201S|Intermediate Seminar (Mathematical and numerical methods for social sciences) [E] 01|KVASOV, Dmitriy|Schl Political Sci/Econo|fall semester|['Thur.2']|['3-708']|https://www.wsl.waseda.jp/syllabus/JAA104.php?pKey=11G0001S4201202511G0001S4211&pLng=en
2025|GENX201S|Intermediate Seminar (Mathematical and numerical methods for social sciences) [E] 02|KVASOV, Dmitriy|Schl Political Sci/Econo|spring semester|['Thur.2']|['3-710']|https://www.wsl.waseda.jp/syllabus/JAA104.php?pKey=11G0001S4202202511G0001S4211&pLng=en
2025|GENX201S|Intermediate Seminar (Problems of History and Historiography)[E] 01|KARAISL, Antonia|Schl Political Sci/Econo|fall semester|['Wed.2']|['3-711']|https://www.wsl.waseda.jp/syllabus/JAA104.php?pKey=11G0001S4601202511G0001S4611&pLng=en
2025|GENX201S|Intermediate Seminar (Alphabetism: A Historical Survey of Writing Culture in Europe) [E] 01|KARAISL, Antonia|Schl Political Sci/Econo|fall semester|['Wed.4']|['3-608']|https://www.wsl.waseda.jp/syllabus/JAA104.php?pKey=11G0001S4701202511G0001S4711&pLng=en
2025|GENX201S|Intermediate Seminar (Valuing Democracy: Non-Instrumental Approaches) [E] 01|KOBAYASHI, Takuto|Schl Political Sci/Econo|spring semester|['Fri.5']|['3-604']|https://www.wsl.waseda.jp/syllabus/JAA104.php?pKey=11G0001S4901202511G0001S4911&pLng=en
2025|GENX201S|Intermediate Seminar (Empirical Analysis of Issues in Development Economics) [E] 01|PERVIN, Shahida|Schl Political Sci/Econo|spring semester|['Mon.3']|['3-708']|https://www.wsl.waseda.jp/syllabus/JAA104.php?pKey=11G0001S5101202511G0001S5111&pLng=en
2025|GENX201S|Intermediate Seminar (Labor, Family and Public Economics) [E] 01|PERVIN, Shahida|Schl Political Sci/Econo|spring semester|['Tues.2']|['3-703']|https://www.wsl.waseda.jp/syllabus/JAA104.php?pKey=11G0001S5201202511G0001S5211&pLng=en
2025|GENX201S|Intermediate Seminar (Political Communication and Media Studies) [E] 01|LIU, Ling|Schl Political Sci/Econo|spring semester|['Thur.5']|['3-604']|https://www.wsl.waseda.jp/syllabus/JAA104.php?pKey=11G0001S5301202511G0001S5311&pLng=en
2025|GENX201S|Intermediate Seminar (Economics and Politics of Globalization) [E] 01|KIRATLI, Osman Sabri|Schl Political Sci/Econo|spring semester|['Thur.3']|['3-1103演習室']|https://www.wsl.waseda.jp/syllabus/JAA104.php?pKey=11G0001S5401202511G0001S5411&pLng=en
2025|GENX201S|Intermediate Seminar (Economics and Politics of Globalization) [E] 02|KIRATLI, Osman Sabri|Schl Political Sci/Econo|fall semester|['Thur.3']|['3-914演習室']|https://www.wsl.waseda.jp/syllabus/JAA104.php?pKey=11G0001S5402202511G0001S5411&pLng=en
2025|GENX201S|Intermediate Seminar (Theoretical Psychology) [E] 01|CHENG, Tony|Schl Political Sci/Econo|fall semester|['Thur.2']|['3-711']|https://www.wsl.waseda.jp/syllabus/JAA104.php?pKey=11G0001S5601202511G0001S5611&pLng=en
2025|GENX201S|Intermediate Seminar (Minority Studies) [E] 01|HUNG, Tak Wai|Schl Political Sci/Econo|spring semester|['Fri.4']|['3-701']|https://www.wsl.waseda.jp/syllabus/JAA104.php?pKey=11G0001S5701202511G0001S5711&pLng=en
2025|GENX201S|Intermediate Seminar (political history of modern Japan) [E] 01|JOU, Willy|Schl Political Sci/Econo|fall semester|['Tues.2']|['3-811']|https://www.wsl.waseda.jp/syllabus/JAA104.php?pKey=11G0001S5801202511G0001S5811&pLng=en
2025|GENX201S|Intermediate Seminar (English Language Education: Policies and Practices) [E] 01|ROMEO, Kenneth|Schl Political Sci/Econo|spring semester|['Thur.3']|['3-916演習室']|https://www.wsl.waseda.jp/syllabus/JAA104.php?pKey=11G0001S5901202511G0001S5911&pLng=en
2025|GENX201S|Intermediate Seminar (English Language Education: Policies and Practices) [E] 02|ROMEO, Kenneth|Schl Political Sci/Econo|fall semester|['Thur.3']|['3-1103演習室']|https://www.wsl.waseda.jp/syllabus/JAA104.php?pKey=11G0001S5902202511G0001S5911&pLng=en
2025|GENX201S|Intermediate Seminar (Feminism and Political Theory) [E] 01|HIRUTA, Kei|Schl Political Sci/Econo|fall semester|['Mon.3']|['3-607']|https://www.wsl.waseda.jp/syllabus/JAA104.php?pKey=11G0001S6001202511G0001S6011&pLng=en
2025|GENX201S|Intermediate Seminar (Introduction to Food Economics) [E] 01|SHIMOKAWA, Satoru|Schl Political Sci/Econo|fall semester|['Tues.3']|['3-713']|https://www.wsl.waseda.jp/syllabus/JAA104.php?pKey=11G0001S6101202511G0001S6111&pLng=en
2025|GENX201S|Intermediate Seminar (Political Economy of the Green Transition) [E] 01|MITSCH, Frieder|Schl Political Sci/Econo|spring semester|['Fri.2']|['3-712']|https://www.wsl.waseda.jp/syllabus/JAA104.php?pKey=11G0001S6201202511G0001S6211&pLng=en
2025|GENX201S|Intermediate Seminar (Economics of European Integration) [E] 01|MITSCH, Frieder|Schl Political Sci/Econo|spring semester|['Fri.4']|['3-712']|https://www.wsl.waseda.jp/syllabus/JAA104.php?pKey=11G0001S6301202511G0001S6311&pLng=en
2025|GENX201L|Intermediate Writing in Political Science and Economics [E] 01|ROMEO, Kenneth|Schl Political Sci/Econo|fall semester|['Fri.3']|['3-916演習室']|https://www.wsl.waseda.jp/syllabus/JAA104.php?pKey=11G100010101202511G100010111&pLng=en
2025|GENX201L|Intermediate Writing in Political Science and Economics [E] 02|ROMEO, Kenneth|Schl Political Sci/Econo|spring semester|['Fri.2']|['3-609']|https://www.wsl.waseda.jp/syllabus/JAA104.php?pKey=11G100010102202511G100010111&pLng=en
2025|GENX201L|Advanced Writing in Political Science and Economics [E] 01|ROMEO, Kenneth|Schl Political Sci/Econo|spring semester|['Thur.1']|['3-702']|https://www.wsl.waseda.jp/syllabus/JAA104.php?pKey=11G100010201202511G100010211&pLng=en
2025|GENX201L|Advanced Writing in Political Science and Economics [E] 02|ROMEO, Kenneth|Schl Political Sci/Econo|fall semester|['Mon.3']|['3-908演習室']|https://www.wsl.waseda.jp/syllabus/JAA104.php?pKey=11G100010202202511G100010211&pLng=en
2025|JOUX331L|Contemporary Journalism in Asia [E] 01|GREIMEL, Karl Hans|Schl Political Sci/Econo|fall semester|['Mon.6']|['undecided']|https://www.wsl.waseda.jp/syllabus/JAA104.php?pKey=11G100050101202511G100050111&pLng=en
2025|LITV101L|World Literature [E] 01|YAGI, Naoko|Schl Political Sci/Econo|fall semester|['Mon.3']|['3-709']|https://www.wsl.waseda.jp/syllabus/JAA104.php?pKey=11G100100101202511G100100111&pLng=en
2025|POLX111L|Introduction to Political Analysis [E] 01|KELLAM, Marisa|Schl Political Sci/Econo|fall semester|['01:Tues.3', '02:Wed.2']|['01:3-301', '02:3-405', '02:3-601', '02:3-602', '02:3-703', '02:3-709']|https://www.wsl.waseda.jp/syllabus/JAA104.php?pKey=11G100101001202511G100101011&pLng=en
2025|POLX121L|Public Philosophy (Political Perspectives) [E] 01|HIRUTA, Kei|Schl Political Sci/Econo|spring semester|['Mon.3']|['3-301']|https://www.wsl.waseda.jp/syllabus/JAA104.php?pKey=11G100102001202511G100102011&pLng=en
2025|POLX261L|Japanese Political History [E] 01|IOKIBE, Kaoru／TSUKAME, Takanori／MIYOKAWA, Natsuko|Schl Political Sci/Econo|fall semester|['Mon.2']|['3-405']|https://www.wsl.waseda.jp/syllabus/JAA104.php?pKey=11G100104001202511G100104011&pLng=en
2025|ECNT131L|Japanese Economic History (Introductory) [E] 01|SHIZUME, Masato|Schl Political Sci/Econo|spring quarter|['01:Tues.1', '02:Tues.2']|['01:3-402', '02:3-402']|https://www.wsl.waseda.jp/syllabus/JAA104.php?pKey=11G100105001202511G100105011&pLng=en
2025|ECNH101L|Global Economic History (Introductory) [E] 01|WANG, Christy|Schl Political Sci/Econo|fall semester|['Mon.2']|['3-801']|https://www.wsl.waseda.jp/syllabus/JAA104.php?pKey=11G100105501202511G100105511&pLng=en
2025|LAWA211L|Constitutionalism [E] 01|SHIMIZU, Jun|Schl Political Sci/Econo|spring semester|['Fri.3']|['3-502']|https://www.wsl.waseda.jp/syllabus/JAA104.php?pKey=11G100106001202511G100106011&pLng=en
2025|POLX311L|Political Behavior [E] 01|ONO, Yoshikuni|Schl Political Sci/Econo|fall semester|['Tues.3']|['3-909演習室']|https://www.wsl.waseda.jp/syllabus/JAA104.php?pKey=11G100107001202511G100107011&pLng=en
2025|INTA101L|Introduction to International Relations [E] 01|TAGO, Atsushi|Schl Political Sci/Econo|spring semester|['Thur.2']|['3-301']|https://www.wsl.waseda.jp/syllabus/JAA104.php?pKey=11G100108001202511G100108011&pLng=en
2025|POLX211L|Japanese Politics [E] 01|KOHNO, Masaru|Schl Political Sci/Econo|spring semester|['01:Wed.2', '02:othersOn demand']|['3-301']|https://www.wsl.waseda.jp/syllabus/JAA104.php?pKey=11G100109001202511G100109011&pLng=en
2025|LAWH201L|Japanese Constitutional Law [E] 01|SAITO, Sayuri|Schl Political Sci/Econo|fall semester|['Mon.4']|['3-405']|https://www.wsl.waseda.jp/syllabus/JAA104.php?pKey=11G100110001202511G100110011&pLng=en
2025|POLX221L|History of Political Thought [E] 01|INAMURA, Kazutaka|Schl Political Sci/Econo|spring semester|['01:Fri.1', '02:othersOn demand']|['3-502']|https://www.wsl.waseda.jp/syllabus/JAA104.php?pKey=11G100111001202511G100111011&pLng=en
2025|POLX331L|Comparative Democratization [E] 01|KUBO, Keiichi|Schl Political Sci/Econo|spring semester|['Mon.3']|['3-502']|https://www.wsl.waseda.jp/syllabus/JAA104.php?pKey=11G100112001202511G100112011&pLng=en
2025|HISV201L|International History I [E] 01|TANAKA, Takahiko|Schl Political Sci/Econo|spring semester|['Tues.2']|['3-304']|https://www.wsl.waseda.jp/syllabus/JAA104.php?pKey=11G100113101202511G100113111&pLng=en
2025|HISV301L|International History II [E] 01|TANAKA, Takahiko|Schl Political Sci/Econo|fall semester|['Tues.2']|['3-908演習室']|https://www.wsl.waseda.jp/syllabus/JAA104.php?pKey=11G100113201202511G100113211&pLng=en
2025|LAWH201L|Law and Society in Japan [E] 01|ISHIDA, Kyoko|Schl Political Sci/Econo|fall semester|['Thur.5']|['3-502']|https://www.wsl.waseda.jp/syllabus/JAA104.php?pKey=11G100116101202511G100116111&pLng=en
2025|POLX301L|Advanced Topics in Political Science: Polimetrics - Applied Scaling & Classification Techniques Using Text Data [E] 01|CURINI, Luigi|Schl Political Sci/Econo|winter quarter|['01:Thur.1', '02:Thur.3']|['undecided']|https://www.wsl.waseda.jp/syllabus/JAA104.php?pKey=11G100SA0501202511G100SA0511&pLng=en
2025|POLX331L|Advanced Topics in Political Science: Electoral Campaigning and the Psychology of Voters [E] 01|NAI, Alessandro|Schl Political Sci/Econo|fall quarter|['01:Tues.3', '02:Thur.3']|['undecided']|https://www.wsl.waseda.jp/syllabus/JAA104.php?pKey=11G100SA1501202511G100SA1511&pLng=en
2025|POLX301L|Advanced Topics in Political Science: Politics in the United States I - Institutions [E] 01|MAEDA, Ko|Schl Political Sci/Econo|an intensive course(spring)|['othersothers']|['undecided']|https://www.wsl.waseda.jp/syllabus/JAA104.php?pKey=11G100SA2101202511G100SA2111&pLng=en
2025|POLX301L|Advanced Topics in Political Science: Politics in the United States II - Process & Policies [E] 01|MAEDA, Ko|Schl Political Sci/Econo|an intensive course(spring)|['othersothers']|['undecided']|https://www.wsl.waseda.jp/syllabus/JAA104.php?pKey=11G100SA2201202511G100SA2211&pLng=en
2025|POLX331L|Advanced Topics in Political Science: Civil War Studies [E] 01|YANG, Yun Jung|Schl Political Sci/Econo|fall semester|['Tues.2']|['3-1104演習室']|https://www.wsl.waseda.jp/syllabus/JAA104.php?pKey=11G100SA2301202511G100SA2311&pLng=en
2025|ECNE101L|Introduction to Microeconomics [E] 01|KAWAMURA, Kohei|Schl Political Sci/Econo|fall quarter|['01:Mon.3', '02:Thur.5']|['01:3-302', '02:3-302']|https://www.wsl.waseda.jp/syllabus/JAA104.php?pKey=11G200101101202511G200101111&pLng=en
2025|ECNE101L|Introduction to Macroeconomics [E] 01|OGURA, Yoshiaki|Schl Political Sci/Econo|winter quarter|['01:Mon.3', '02:Fri.2']|['01:3-302', '02:3-302']|https://www.wsl.waseda.jp/syllabus/JAA104.php?pKey=11G200101201202511G200101211&pLng=en
2025|ECNT211L|Microeconomics I [E] 01|VESZTEG, Robert Ferenc|Schl Political Sci/Econo|spring semester|['Tues.3']|['3-701']|https://www.wsl.waseda.jp/syllabus/JAA104.php?pKey=11G200102001202511G200102011&pLng=en
2025|ECNT211L|Microeconomics I [E] 02|VESZTEG, Robert Ferenc|Schl Political Sci/Econo|spring semester|['Tues.4']|['3-501']|https://www.wsl.waseda.jp/syllabus/JAA104.php?pKey=11G200102002202511G200102011&pLng=en
2025|ECNT211L|Microeconomics II [E] 01|VESZTEG, Robert Ferenc|Schl Political Sci/Econo|fall semester|['Tues.3']|['3-405']|https://www.wsl.waseda.jp/syllabus/JAA104.php?pKey=11G200102101202511G200102111&pLng=en
2025|ECNT411L|Macroeconomics I [E] 02|KATAYAMA, Munechika|Schl Political Sci/Econo|spring semester|['Wed.2']|['3-402']|https://www.wsl.waseda.jp/syllabus/JAA104.php?pKey=11G200103002202511G200103011&pLng=en
2025|ECNT211L|Macroeconomics II [E] 01|RUJIWATTANAPONG, Wongkot Similan|Schl Political Sci/Econo|fall semester|['Mon.5']|['3-801']|https://www.wsl.waseda.jp/syllabus/JAA104.php?pKey=11G200103101202511G200103111&pLng=en
2025|ECNT231L|Behavioral Economics [E] 01|ASAKO, Yasushi|Schl Political Sci/Econo|spring semester|['Thur.2']|['3-405']|https://www.wsl.waseda.jp/syllabus/JAA104.php?pKey=11G200106001202511G200106011&pLng=en
2025|ECNA251L|Law and Economics [E] 01|KAWAMURA, Kohei|Schl Political Sci/Econo|fall semester|['Thur.2']|['3-701']|https://www.wsl.waseda.jp/syllabus/JAA104.php?pKey=11G200109001202511G200109011&pLng=en
2025|STAX101L|Statistics II [E] 01|YAMAMOTO, Teppei|Schl Political Sci/Econo|summer quarter|['01:Fri.3', '02:othersOn demand']|['3-902 (SPSE PC Room)']|https://www.wsl.waseda.jp/syllabus/JAA104.php?pKey=11G200110001202511G200110011&pLng=en
2025|STAX101L|Statistics II [E] 02|YAMAMOTO, Teppei|Schl Political Sci/Econo|summer quarter|['01:Fri.4', '02:othersOn demand']|['3-902 (SPSE PC Room)']|https://www.wsl.waseda.jp/syllabus/JAA104.php?pKey=11G200110002202511G200110011&pLng=en
2025|STAX101L|Statistics II [E] 03|YAMAMOTO, Teppei|Schl Political Sci/Econo|summer quarter|['01:Fri.5', '02:othersOn demand']|['3-902 (SPSE PC Room)']|https://www.wsl.waseda.jp/syllabus/JAA104.php?pKey=11G200110003202511G200110011&pLng=en
2025|ECNA321L|Finance [E] 01|YAMAMOTO, Ryuichi|Schl Political Sci/Econo|spring semester|['Thur.4']|['3-305']|https://www.wsl.waseda.jp/syllabus/JAA104.php?pKey=11G200111001202511G200111011&pLng=en
2025|ECNE301L|Topics in Economics (Data and Econometric Methods) [E] 01|PERVIN, Shahida|Schl Political Sci/Econo|spring semester|['Mon.2']|['3-704']|https://www.wsl.waseda.jp/syllabus/JAA104.php?pKey=11G200RA0401202511G200RA0411&pLng=en
2025|ECNT331L|Advanced Topics in Economics: Advanced Experimental Economics [E] 01|NOUSSAIR, Charles Nabih／FUNAKI, Yukihiko|Schl Political Sci/Econo|summer quarter|['01:Mon.2', '02:Thur.2']|['undecided']|https://www.wsl.waseda.jp/syllabus/JAA104.php?pKey=11G200SA0701202511G200SA0711&pLng=en
2025|ECNT331L|Advanced Topics in Economics: Market Design [E] 01|KORIYAMA, Yukio／FUNAKI, Yukihiko|Schl Political Sci/Econo|summer quarter|['01:Wed.4', '02:Wed.5']|['undecided']|https://www.wsl.waseda.jp/syllabus/JAA104.php?pKey=11G200SA0901202511G200SA0911&pLng=en
2025|MATX131L|Introduction to Mathematical Analysis A (Linear Algebra) [E] 01|KVASOV, Dmitriy|Schl Political Sci/Econo|fall quarter|['01:Mon.2', '02:Fri.2']|['01:3-301', '02:3-302']|https://www.wsl.waseda.jp/syllabus/JAA104.php?pKey=11G300101101202511G300101111&pLng=en
2025|MATX131L|Introduction to Mathematical Analysis B (Calculus) [E] 01|NOBE, Atsushi|Schl Political Sci/Econo|winter quarter|['01:Mon.2', '02:Fri.4']|['01:3-301', '02:3-401']|https://www.wsl.waseda.jp/syllabus/JAA104.php?pKey=11G300101201202511G300101211&pLng=en
2025|ECNT111L|Introduction to Game Theory [E] 01|VESZTEG, Robert Ferenc|Schl Political Sci/Econo|spring semester|['Thur.5']|['3-301']|https://www.wsl.waseda.jp/syllabus/JAA104.php?pKey=11G300102001202511G300102011&pLng=en
2025|STAX101L|Statistics I [E] 01|YAMAMOTO, Teppei|Schl Political Sci/Econo|spring quarter|['01:Fri.3', '02:othersOn demand']|['3-902 (SPSE PC Room)']|https://www.wsl.waseda.jp/syllabus/JAA104.php?pKey=11G300103001202511G300103011&pLng=en
2025|STAX101L|Statistics I [E] 02|YAMAMOTO, Teppei|Schl Political Sci/Econo|spring quarter|['01:Fri.4', '02:othersOn demand']|['3-902 (SPSE PC Room)']|https://www.wsl.waseda.jp/syllabus/JAA104.php?pKey=11G300103002202511G300103011&pLng=en
2025|STAX101L|Statistics I [E] 03|YAMAMOTO, Teppei|Schl Political Sci/Econo|spring quarter|['01:Fri.5', '02:othersOn demand']|['3-902 (SPSE PC Room)']|https://www.wsl.waseda.jp/syllabus/JAA104.php?pKey=11G300103003202511G300103011&pLng=en
2025|MATX231L|Mathematical Economics [E] 01|KVASOV, Dmitriy|Schl Political Sci/Econo|spring semester|['Tues.4']|['3-304']|https://www.wsl.waseda.jp/syllabus/JAA104.php?pKey=11G300105001202511G300105011&pLng=en
2025|MATX23ZL|Calculus (Multivariable Integral Calculus) [E] 01|BOWEN, Mark|Schl Political Sci/Econo|spring quarter|['01:Wed.3', '02:Fri.1']|['undecided']|https://www.wsl.waseda.jp/syllabus/JAA104.php?pKey=11G300106201202511G300106211&pLng=en
2025|MATX23ZL|Calculus (Multivariable Integral Calculus) [E] 02|OKAZAKI, Ryotaro|Schl Political Sci/Econo|spring quarter|['01:Wed.2', '02:Thur.1']|['undecided']|https://www.wsl.waseda.jp/syllabus/JAA104.php?pKey=11G300106202202511G300106211&pLng=en
2025|MATX23ZL|Calculus (Multivariable Calculus) [E] 01|NOBE, Atsushi|Schl Political Sci/Econo|spring semester|['Fri.4']|['3-708']|https://www.wsl.waseda.jp/syllabus/JAA104.php?pKey=11G300106301202511G300106311&pLng=en
2025|MATX11ZL|Linear Algebra [E] 01|KVASOV, Dmitriy|Schl Political Sci/Econo|fall semester|['Mon.3']|['3-406']|https://www.wsl.waseda.jp/syllabus/JAA104.php?pKey=11G300107201202511G300107211&pLng=en
2025|MATX14ZL|Introduction to Probability and Statistics [E] 01|TRINH, Khanh Duy|Schl Political Sci/Econo|summer quarter|['01:Mon.5', '02:Wed.4']|['undecided']|https://www.wsl.waseda.jp/syllabus/JAA104.php?pKey=11G300108001202511G300108011&pLng=en
2025|MATX14ZL|Introduction to Probability and Statistics [E] 02|PAN, Zhenni|Schl Political Sci/Econo|fall quarter|['01:Mon.5', '02:Thur.3']|['undecided']|https://www.wsl.waseda.jp/syllabus/JAA104.php?pKey=11G300108002202511G300108011&pLng=en
2025|ECNE301L|Topics in Global Political Economy (Data and Econometric Methods) [E] 01|PERVIN, Shahida|Schl Political Sci/Econo|spring semester|['Mon.2']|['3-704']|https://www.wsl.waseda.jp/syllabus/JAA104.php?pKey=11G300RA0401202511G300RA0411&pLng=en
2025|BSPX101S|Basic Seminar [E] 01|DEJARNETTE, Patrick|Schl Political Sci/Econo|fall semester|['Tues.4']|['3-607']|https://www.wsl.waseda.jp/syllabus/JAA104.php?pKey=11G400101001202511G400101011&pLng=en
2025|BSPX101S|Basic Seminar [E] 02|PERVIN, Shahida|Schl Political Sci/Econo|fall semester|['Tues.4']|['3-609']|https://www.wsl.waseda.jp/syllabus/JAA104.php?pKey=11G400101002202511G400101011&pLng=en
2025|BSPX101S|Basic Seminar [E] 03|PERVIN, Shahida|Schl Political Sci/Econo|fall semester|['Tues.5']|['3-809']|https://www.wsl.waseda.jp/syllabus/JAA104.php?pKey=11G400101003202511G400101011&pLng=en
2025|BSPX101S|Basic Seminar [E] 04|JOU, Willy|Schl Political Sci/Econo|fall semester|['Tues.4']|['3-406']|https://www.wsl.waseda.jp/syllabus/JAA104.php?pKey=11G400101004202511G400101011&pLng=en
2025|BSPX101S|Basic Seminar [E] 05|MITSCH, Frieder|Schl Political Sci/Econo|fall semester|['Tues.4']|['3-702']|https://www.wsl.waseda.jp/syllabus/JAA104.php?pKey=11G400101005202511G400101011&pLng=en
2025|BSPX101S|Basic Seminar [E] 06|MITSCH, Frieder|Schl Political Sci/Econo|fall semester|['Tues.5']|['3-702']|https://www.wsl.waseda.jp/syllabus/JAA104.php?pKey=11G400101006202511G400101011&pLng=en
2025|BSPX101S|Basic Seminar [E] 07|KOBAYASHI, Takuto|Schl Political Sci/Econo|fall semester|['Tues.5']|['3-712']|https://www.wsl.waseda.jp/syllabus/JAA104.php?pKey=11G400101007202511G400101011&pLng=en
2025|BSPX101S|Basic Seminar [E] 09|RUJIWATTANAPONG, Wongkot Similan|Schl Political Sci/Econo|fall semester|['Tues.4']|['3-604']|https://www.wsl.waseda.jp/syllabus/JAA104.php?pKey=11G400101009202511G400101011&pLng=en
2025|ECNA201L|Japanese Economy [E] 01|UEDA, Kozo|Schl Political Sci/Econo|winter quarter|['01:Mon.1', '02:Wed.1']|['undecided']|https://www.wsl.waseda.jp/syllabus/JAA104.php?pKey=11G400104201202511G400104211&pLng=en
2025|POLX241L|International Politics [E] 01|KURIZAKI, Shuhei|Schl Political Sci/Econo|fall semester|['01:Mon.1', '02:Mon.2']|['01:3-405', '02:3-406']|https://www.wsl.waseda.jp/syllabus/JAA104.php?pKey=11G400104701202511G400104711&pLng=en
2025|POLX211L|Political Communication [E] 01|KOBAYASHI, Tetsuro|Schl Political Sci/Econo|fall semester|['Thur.4']|['3-801']|https://www.wsl.waseda.jp/syllabus/JAA104.php?pKey=11G400104801202511G400104811&pLng=en
2025|POLX251L|Local Government [E] 01|SATO, Manabu|Schl Political Sci/Econo|summer|['othersothers']|['undecided']|https://www.wsl.waseda.jp/syllabus/JAA104.php?pKey=11G400105001202511G400105011&pLng=en
2025|ECNA231L|Public Finance [E] 01|KONISHI, Hideki|Schl Political Sci/Econo|fall semester|['Wed.1']|['3-502']|https://www.wsl.waseda.jp/syllabus/JAA104.php?pKey=11G400105301202511G400105311&pLng=en
2025|ECNT231L|Game Theory II [E] 01|KVASOV, Dmitriy|Schl Political Sci/Econo|spring semester|['Tues.3']|['3-704']|https://www.wsl.waseda.jp/syllabus/JAA104.php?pKey=11G400105501202511G400105511&pLng=en
2025|ECNT221L|Econometrics I [E] 01|AWAYA, Naoki|Schl Political Sci/Econo|fall semester|['Mon.4']|['3-704']|https://www.wsl.waseda.jp/syllabus/JAA104.php?pKey=11G400105701202511G400105711&pLng=en
2025|ECNT231L|Game Theory I [E] 01|ASAKO, Yasushi|Schl Political Sci/Econo|fall semester|['Thur.2']|['3-909演習室']|https://www.wsl.waseda.jp/syllabus/JAA104.php?pKey=11G400105801202511G400105811&pLng=en
2025|GENX301S|Advanced Seminar I [E] 01|KELLAM, Marisa|Schl Political Sci/Econo|spring semester|['Thur.3']|['3-708']|https://www.wsl.waseda.jp/syllabus/JAA104.php?pKey=11G400105901202511G400105911&pLng=en
2025|GENX301S|Advanced Seminar I [E] 03|VESZTEG, Robert Ferenc|Schl Political Sci/Econo|spring semester|['Thur.3']|['3-706']|https://www.wsl.waseda.jp/syllabus/JAA104.php?pKey=11G400105903202511G400105911&pLng=en
2025|GENX301S|Advanced Seminar I [E] 04|ASAKO, Yasushi|Schl Political Sci/Econo|spring semester|['Thur.3']|['3-805']|https://www.wsl.waseda.jp/syllabus/JAA104.php?pKey=11G400105904202511G400105911&pLng=en
2025|GENX301S|Advanced Seminar I [E] 07|SHIMOKAWA, Satoru|Schl Political Sci/Econo|spring semester|['Thur.3']|['3-802']|https://www.wsl.waseda.jp/syllabus/JAA104.php?pKey=11G400105907202511G400105911&pLng=en
2025|GENX301S|Advanced Seminar I [E] 08|JOU, Willy|Schl Political Sci/Econo|spring semester|['Thur.3']|['3-909演習室']|https://www.wsl.waseda.jp/syllabus/JAA104.php?pKey=11G400105908202511G400105911&pLng=en
2025|GENX301S|Advanced Seminar I [E] 09|KAWAMURA, Kohei|Schl Political Sci/Econo|spring semester|['Thur.3']|['3-604']|https://www.wsl.waseda.jp/syllabus/JAA104.php?pKey=11G400105909202511G400105911&pLng=en
2025|GENX301S|Advanced Seminar I [E] 10|KVASOV, Dmitriy|Schl Political Sci/Econo|spring semester|['Thur.3']|['3-607']|https://www.wsl.waseda.jp/syllabus/JAA104.php?pKey=11G400105910202511G400105911&pLng=en
2025|GENX201S|Advanced Seminar I [E] 12|SEDDON, Jack|Schl Political Sci/Econo|spring semester|['Thur.3']|['3-710']|https://www.wsl.waseda.jp/syllabus/JAA104.php?pKey=11G400105912202511G400105911&pLng=en
2025|GENX201S|Advanced Seminar I [E] 13|DEJARNETTE, Patrick|Schl Political Sci/Econo|spring semester|['Thur.3']|['3-608']|https://www.wsl.waseda.jp/syllabus/JAA104.php?pKey=11G400105913202511G400105911&pLng=en
2025|GENX409T|Advanced Seminar I [E] 14|YAMAMOTO, Teppei|Schl Political Sci/Econo|spring semester|['Thur.3']|['3-908演習室']|https://www.wsl.waseda.jp/syllabus/JAA104.php?pKey=11G400105914202511G400105911&pLng=en
2025|POLX241L|Transnational Relations [E] 01|TOMARU, Junko|Schl Political Sci/Econo|spring semester|['Fri.2']|['3-601']|https://www.wsl.waseda.jp/syllabus/JAA104.php?pKey=11G400106001202511G400106011&pLng=en
2025|POLX201L|Comparative Politics of East Asia [E] 01|JOU, Willy|Schl Political Sci/Econo|fall semester|['Tues.3']|['3-406']|https://www.wsl.waseda.jp/syllabus/JAA104.php?pKey=11G400106101202511G400106111&pLng=en
2025|PHLT241L|Japanese Political Thought A [E] 01|MIDDLETON, Benjamin Dugald／UMEMORI, Naoyuki|Schl Political Sci/Econo|spring semester|['Fri.2']|['3-406']|https://www.wsl.waseda.jp/syllabus/JAA104.php?pKey=11G400106401202511G400106411&pLng=en
2025|PHLT241L|Japanese Political Thought B [E] 01|MIDDLETON, Benjamin Dugald／UMEMORI, Naoyuki|Schl Political Sci/Econo|fall semester|['Fri.2']|['3-701']|https://www.wsl.waseda.jp/syllabus/JAA104.php?pKey=11G400106501202511G400106511&pLng=en
2025|GENX301S|Advanced Seminar II [E] 01|KELLAM, Marisa|Schl Political Sci/Econo|fall semester|['Thur.3']|['3-713']|https://www.wsl.waseda.jp/syllabus/JAA104.php?pKey=11G400106801202511G400106811&pLng=en
2025|GENX301S|Advanced Seminar II [E] 03|VESZTEG, Robert Ferenc|Schl Political Sci/Econo|fall semester|['Thur.3']|['3-607']|https://www.wsl.waseda.jp/syllabus/JAA104.php?pKey=11G400106803202511G400106811&pLng=en
2025|GENX301S|Advanced Seminar II [E] 04|ASAKO, Yasushi|Schl Political Sci/Econo|fall semester|['Thur.3']|['3-604']|https://www.wsl.waseda.jp/syllabus/JAA104.php?pKey=11G400106804202511G400106811&pLng=en
2025|GENX301S|Advanced Seminar II [E] 07|SHIMOKAWA, Satoru|Schl Political Sci/Econo|fall semester|['Thur.3']|['3-711']|https://www.wsl.waseda.jp/syllabus/JAA104.php?pKey=11G400106807202511G400106811&pLng=en
2025|GENX301S|Advanced Seminar II [E] 08|JOU, Willy|Schl Political Sci/Econo|fall semester|['Thur.3']|['3-916演習室']|https://www.wsl.waseda.jp/syllabus/JAA104.php?pKey=11G400106808202511G400106811&pLng=en
2025|GENX301S|Advanced Seminar II [E] 09|KAWAMURA, Kohei|Schl Political Sci/Econo|fall semester|['Thur.3']|['3-908演習室']|https://www.wsl.waseda.jp/syllabus/JAA104.php?pKey=11G400106809202511G400106811&pLng=en
2025|GENX301S|Advanced Seminar II [E] 10|KVASOV, Dmitriy|Schl Political Sci/Econo|fall semester|['Thur.3']|['3-915演習室']|https://www.wsl.waseda.jp/syllabus/JAA104.php?pKey=11G400106810202511G400106811&pLng=en
2025|GENX301S|Advanced Seminar II [E] 12|SEDDON, Jack|Schl Political Sci/Econo|fall semester|['Thur.3']|['3-809']|https://www.wsl.waseda.jp/syllabus/JAA104.php?pKey=11G400106812202511G400106811&pLng=en
2025|GENX301S|Advanced Seminar II [E] 13|DEJARNETTE, Patrick|Schl Political Sci/Econo|fall semester|['Thur.3']|['3-909演習室']|https://www.wsl.waseda.jp/syllabus/JAA104.php?pKey=11G400106813202511G400106811&pLng=en
2025|GENX409T|Advanced Seminar II [E] 14|YAMAMOTO, Teppei|Schl Political Sci/Econo|fall semester|['Thur.3']|['3-1115演習室']|https://www.wsl.waseda.jp/syllabus/JAA104.php?pKey=11G400106814202511G400106811&pLng=en
2025|ECNA341L|Labor Economics II [E] 01|MURAKAMI, Yukiko|Schl Political Sci/Econo|fall semester|['Fri.2']|['3-404']|https://www.wsl.waseda.jp/syllabus/JAA104.php?pKey=11G400107401202511G400107411&pLng=en
2025|ECNT301L|Industrial Ecology [E] 01|KONDO, Yasushi|Schl Political Sci/Econo|fall semester|['Thur.2']|['3-703']|https://www.wsl.waseda.jp/syllabus/JAA104.php?pKey=11G400107601202511G400107611&pLng=en
2025|ECNA281L|International Political Economy [E] 01|SEDDON, Jack|Schl Political Sci/Econo|fall semester|['Mon.3']|['3-801']|https://www.wsl.waseda.jp/syllabus/JAA104.php?pKey=11G400108001202511G400108011&pLng=en
2025|POLX311L|Theories in Comparative Politics [E] 01|BENASAGLIO BERLUCCHI, Antonio|Schl Political Sci/Econo|fall semester|['Tues.2']|['3-710']|https://www.wsl.waseda.jp/syllabus/JAA104.php?pKey=11G400108101202511G400108111&pLng=en
2025|POLX261L|Western Political History [E] 01|NAKAUCHI, Eizo|Schl Political Sci/Econo|fall semester|['Thur.3']|['3-305']|https://www.wsl.waseda.jp/syllabus/JAA104.php?pKey=11G400108201202511G400108211&pLng=en
2025|ECNA361L|Environmental Economics [E] 01|ARIMURA, Toshihide|Schl Political Sci/Econo|spring semester|['Tues.2']|['3-401']|https://www.wsl.waseda.jp/syllabus/JAA104.php?pKey=11G400108601202511G400108611&pLng=en
2025|ECNA251L|Industrial Organization [E] 01|TOYAMA, Yuta|Schl Political Sci/Econo|fall semester|['Fri.2']|['3-502']|https://www.wsl.waseda.jp/syllabus/JAA104.php?pKey=11G400109501202511G400109511&pLng=en
2025|ECNA361L|Economics of Resources and Food [E] 01|SHIMOKAWA, Satoru|Schl Political Sci/Econo|spring semester|['Tues.3']|['3-404']|https://www.wsl.waseda.jp/syllabus/JAA104.php?pKey=11G400109801202511G400109811&pLng=en
2025|POLX241L|International Organization [E] 01|NAKAMURA, Hidetoshi|Schl Political Sci/Econo|fall semester|['Tues.3']|['3-605']|https://www.wsl.waseda.jp/syllabus/JAA104.php?pKey=11G400109901202511G400109911&pLng=en
2025|POLX241L|International Public Administration [E] 01|TAKEDA, Ken|Schl Political Sci/Econo|fall semester|['Fri.3']|['3-305']|https://www.wsl.waseda.jp/syllabus/JAA104.php?pKey=11G400110001202511G400110011&pLng=en
2025|POLX331L|NPOs and NGOs [E] 01|NODA, Masato|Schl Political Sci/Econo|fall semester|['Fri.5']|['undecided']|https://www.wsl.waseda.jp/syllabus/JAA104.php?pKey=11G400110101202511G400110111&pLng=en
2025|POLX231L|Comparative Politics [E] 01|JOU, Willy|Schl Political Sci/Econo|spring semester|['01:Mon.2', '02:Thur.2']|['01:3-304', '02:3-304']|https://www.wsl.waseda.jp/syllabus/JAA104.php?pKey=11G400110901202511G400110911&pLng=en
2025|POLX341L|Global Governance Studies [E] 01|OBAYASHI, Kazuhiro|Schl Political Sci/Econo|fall semester|['Wed.2']|['undecided']|https://www.wsl.waseda.jp/syllabus/JAA104.php?pKey=11G400111001202511G400111011&pLng=en
2025|GENX301S|Advanced Seminar III [E] 01|KELLAM, Marisa|Schl Political Sci/Econo|spring semester|['Thur.4']|['3-708']|https://www.wsl.waseda.jp/syllabus/JAA104.php?pKey=11G400111101202511G400111111&pLng=en
2025|GENX301S|Advanced Seminar III [E] 03|VESZTEG, Robert Ferenc|Schl Political Sci/Econo|spring semester|['Thur.4']|['3-706']|https://www.wsl.waseda.jp/syllabus/JAA104.php?pKey=11G400111103202511G400111111&pLng=en
2025|GENX301S|Advanced Seminar III [E] 07|SHIMOKAWA, Satoru|Schl Political Sci/Econo|spring semester|['Thur.4']|['3-802']|https://www.wsl.waseda.jp/syllabus/JAA104.php?pKey=11G400111107202511G400111111&pLng=en
2025|GENX301S|Advanced Seminar III [E] 12|SEDDON, Jack|Schl Political Sci/Econo|spring semester|['Thur.4']|['3-711']|https://www.wsl.waseda.jp/syllabus/JAA104.php?pKey=11G400111112202511G400111111&pLng=en
2025|GENX301S|Advanced Seminar III [E] 13|DEJARNETTE, Patrick|Schl Political Sci/Econo|spring semester|['Thur.4']|['3-608']|https://www.wsl.waseda.jp/syllabus/JAA104.php?pKey=11G400111113202511G400111111&pLng=en
2025|GENX401S|Advanced Seminar IV [E] 01|KELLAM, Marisa|Schl Political Sci/Econo|fall semester|['Thur.4']|['3-713']|https://www.wsl.waseda.jp/syllabus/JAA104.php?pKey=11G400111201202511G400111211&pLng=en
2025|GENX401S|Advanced Seminar IV [E] 03|VESZTEG, Robert Ferenc|Schl Political Sci/Econo|fall semester|['Thur.4']|['3-607']|https://www.wsl.waseda.jp/syllabus/JAA104.php?pKey=11G400111203202511G400111211&pLng=en
2025|GENX401S|Advanced Seminar IV [E] 07|SHIMOKAWA, Satoru|Schl Political Sci/Econo|fall semester|['Thur.4']|['3-711']|https://www.wsl.waseda.jp/syllabus/JAA104.php?pKey=11G400111207202511G400111211&pLng=en
2025|GENX401S|Advanced Seminar IV [E] 12|SEDDON, Jack|Schl Political Sci/Econo|fall semester|['Thur.4']|['3-809']|https://www.wsl.waseda.jp/syllabus/JAA104.php?pKey=11G400111212202511G400111211&pLng=en
2025|GENX301S|Advanced Seminar IV [E] 13|DEJARNETTE, Patrick|Schl Political Sci/Econo|fall semester|['Thur.4']|['3-914演習室']|https://www.wsl.waseda.jp/syllabus/JAA104.php?pKey=11G400111213202511G400111211&pLng=en
2025|ECNA331L|Social Security [E] 01|BESSHO, Shunichiro|Schl Political Sci/Econo|fall semester|['Tues.3']|['3-306']|https://www.wsl.waseda.jp/syllabus/JAA104.php?pKey=11G400111301202511G400111311&pLng=en
2025|GENX409T|Thesis [E] 01|KELLAM, Marisa|Schl Political Sci/Econo|fall semester|['othersothers']|['undecided']|https://www.wsl.waseda.jp/syllabus/JAA104.php?pKey=11G400111701202511G400111711&pLng=en
2025|GENX409T|Thesis [E] 03|VESZTEG, Robert Ferenc|Schl Political Sci/Econo|fall semester|['othersothers']|['undecided']|https://www.wsl.waseda.jp/syllabus/JAA104.php?pKey=11G400111703202511G400111711&pLng=en
2025|GENX409T|Thesis [E] 07|SHIMOKAWA, Satoru|Schl Political Sci/Econo|fall semester|['othersothers']|['undecided']|https://www.wsl.waseda.jp/syllabus/JAA104.php?pKey=11G400111707202511G400111711&pLng=en
2025|GENX409T|Thesis [E] 12|SEDDON, Jack|Schl Political Sci/Econo|fall semester|['othersothers']|['undecided']|https://www.wsl.waseda.jp/syllabus/JAA104.php?pKey=11G400111712202511G400111711&pLng=en
2025|GENX301S|Thesis [E] 13|DEJARNETTE, Patrick|Schl Political Sci/Econo|fall semester|['othersothers']|['undecided']|https://www.wsl.waseda.jp/syllabus/JAA104.php?pKey=11G400111713202511G400111711&pLng=en
2025|GENX409T|Thesis [E] 01|KELLAM, Marisa|Schl Political Sci/Econo|spring semester|['othersothers']|['undecided']|https://www.wsl.waseda.jp/syllabus/JAA104.php?pKey=11G400111801202511G400111811&pLng=en
2025|GENX409T|Thesis [E] 03|VESZTEG, Robert Ferenc|Schl Political Sci/Econo|spring semester|['othersothers']|['undecided']|https://www.wsl.waseda.jp/syllabus/JAA104.php?pKey=11G400111803202511G400111811&pLng=en
2025|GENX409T|Thesis [E] 07|SHIMOKAWA, Satoru|Schl Political Sci/Econo|spring semester|['othersothers']|['undecided']|https://www.wsl.waseda.jp/syllabus/JAA104.php?pKey=11G400111807202511G400111811&pLng=en
2025|GENX409T|Thesis [E] 12|SEDDON, Jack|Schl Political Sci/Econo|spring semester|['othersothers']|['undecided']|https://www.wsl.waseda.jp/syllabus/JAA104.php?pKey=11G400111812202511G400111811&pLng=en
2025|GENX301S|Thesis [E] 13|DEJARNETTE, Patrick|Schl Political Sci/Econo|spring semester|['othersothers']|['undecided']|https://www.wsl.waseda.jp/syllabus/JAA104.php?pKey=11G400111813202511G400111811&pLng=en
2025|ECNA381L|Political Economics [E] 01|KONISHI, Hideki|Schl Political Sci/Econo|fall semester|['Thur.1']|['3-405']|https://www.wsl.waseda.jp/syllabus/JAA104.php?pKey=11G400111901202511G400111911&pLng=en
2025|POLX211L|Public Choice [E] 01|ASAKO, Yasushi|Schl Political Sci/Econo|fall semester|['Tues.2']|['3-405']|https://www.wsl.waseda.jp/syllabus/JAA104.php?pKey=11G400112601202511G400112611&pLng=en
2025|ECNA321L|Advanced Econometrics (Time Series Analysis) [E] 01|KATAYAMA, Munechika|Schl Political Sci/Econo|fall semester|['Thur.3']|['3-406']|https://www.wsl.waseda.jp/syllabus/JAA104.php?pKey=11G400113001202511G400113011&pLng=en
2025|POLX351L|Comparative Public Policy [E] 01|MATSUDA, Noritada|Schl Political Sci/Econo|fall semester|['Tues.1']|['3-703']|https://www.wsl.waseda.jp/syllabus/JAA104.php?pKey=11G400113201202511G400113211&pLng=en
2025|ECNT411L|Advanced Macroeconomics A [E] 01|UEDA, Kozo／OIKAWA, Koki|Schl Political Sci/Econo|winter quarter|['01:Tues.1', '02:Thur.1']|['undecided']|https://www.wsl.waseda.jp/syllabus/JAA104.php?pKey=11G400113401202511G400113411&pLng=en
2025|ECNT411L|Advanced Microeconomics B [E] 01|ADACHI, Tsuyoshi|Schl Political Sci/Econo|summer quarter|['01:Mon.1', '02:Thur.1']|['01:3-306', '02:3-306']|https://www.wsl.waseda.jp/syllabus/JAA104.php?pKey=11G400113501202511G400113511&pLng=en
2025|ECNT411L|Advanced Macroeconomics B [E] 01|KIKUCHI, Tomoo|Schl Political Sci/Econo|fall quarter|['01:Wed.3', '02:Wed.4']|['01:3-702', '02:3-702']|https://www.wsl.waseda.jp/syllabus/JAA104.php?pKey=11G400113601202511G400113611&pLng=en
2025|MATX311L|Advanced Linear Algebra [E] 01|INOUE, Kiyoshi|Schl Political Sci/Econo|winter quarter|['othersOn demand']|['undecided']|https://www.wsl.waseda.jp/syllabus/JAA104.php?pKey=11G400113701202511G400113711&pLng=en
2025|MATX331L|Advanced Calculus [E] 01|NOBE, Atsushi|Schl Political Sci/Econo|fall quarter|['01:Tues.3', '02:Fri.4']|['undecided']|https://www.wsl.waseda.jp/syllabus/JAA104.php?pKey=11G400113801202511G400113811&pLng=en
2025|POLX331L|Political Institutions [E] 01|KELLAM, Marisa|Schl Political Sci/Econo|spring semester|['Tues.3']|['3-605']|https://www.wsl.waseda.jp/syllabus/JAA104.php?pKey=11G400113901202511G400113911&pLng=en
2025|INFN101L|Introduction to C Programming [E] 01|SAITO, Daisuke|Schl Political Sci/Econo|fall semester|['Mon.3']|['undecided']|https://www.wsl.waseda.jp/syllabus/JAA104.php?pKey=11G400114001202511G400114011&pLng=en
2025|INFN101L|Introduction to C Programming [E] 02|SIMO SERRA, Edgar|Schl Political Sci/Econo|fall semester|['Mon.4']|['undecided']|https://www.wsl.waseda.jp/syllabus/JAA104.php?pKey=11G400114002202511G400114011&pLng=en
2025|INFN201L|C Programming [E] 02|SAITO, Daisuke|Schl Political Sci/Econo|spring semester|['Mon.3']|['undecided']|https://www.wsl.waseda.jp/syllabus/JAA104.php?pKey=11G400114302202511G400114311&pLng=en
2025|INFN201L|C Programming [E] 03|WEN, Zheng|Schl Political Sci/Econo|spring semester|['Fri.3']|['undecided']|https://www.wsl.waseda.jp/syllabus/JAA104.php?pKey=11G400114303202511G400114311&pLng=en
2025|POLX231L|Comparative Politics of Western Europe [E] 01|MITSCH, Frieder|Schl Political Sci/Econo|fall semester|['Tues.2']|['3-501']|https://www.wsl.waseda.jp/syllabus/JAA104.php?pKey=11G400114601202511G400114611&pLng=en
2025|ECNT211L|Public Philosophy (Economic Perspectives) [E] 01|ADACHI, Tsuyoshi|Schl Political Sci/Econo|spring quarter|['01:Mon.1', '02:Thur.1']|['01:3-501', '02:3-502']|https://www.wsl.waseda.jp/syllabus/JAA104.php?pKey=11G400114901202511G400114911&pLng=en
2025|MATX351L|Network Analysis [E] 01|YAMADA, Yuhei|Schl Political Sci/Econo|spring semester|['Thur.2']|['7-204']|https://www.wsl.waseda.jp/syllabus/JAA104.php?pKey=11G400115001202511G400115011&pLng=en
2025|POLX211L|Comparative Political Economy [E] 01|SEDDON, Jack|Schl Political Sci/Econo|spring semester|['Mon.2']|['3-305']|https://www.wsl.waseda.jp/syllabus/JAA104.php?pKey=11G400115101202511G400115111&pLng=en
2025|POLX251L|Public Policy [E] 01|OMORI, Sawa|Schl Political Sci/Econo|fall semester|['01:Tues.2', '02:Fri.3']|['01:3-305', '02:3-405']|https://www.wsl.waseda.jp/syllabus/JAA104.php?pKey=11G400115201202511G400115211&pLng=en
2025|POLX221L|Contemporary Political Theory II [E] 01|OBA, Dai|Schl Political Sci/Econo|spring semester|['Fri.2']|['3-709']|https://www.wsl.waseda.jp/syllabus/JAA104.php?pKey=11G400115401202511G400115411&pLng=en
2025|ECNA211L|International Economics [E] 01|CHESNOKOVA, Tatyana|Schl Political Sci/Econo|spring semester|['Wed.3']|['3-401']|https://www.wsl.waseda.jp/syllabus/JAA104.php?pKey=11G400115601202511G400115611&pLng=en
2025|ECNT211L|Comparative Institutional Analysis [E] 01|SHIMIZU, Kazumi|Schl Political Sci/Econo|spring semester|['Tues.1']|['3-405']|https://www.wsl.waseda.jp/syllabus/JAA104.php?pKey=11G400115701202511G400115711&pLng=en
2025|ECNT211L|History of Economic Thought I [E] 01|TAKAMI, Norikazu|Schl Political Sci/Econo|fall semester|['Wed.2']|['3-406']|https://www.wsl.waseda.jp/syllabus/JAA104.php?pKey=11G400115801202511G400115811&pLng=en
2025|ECNT311L|History of Economic Thought II [E] 01|KOMINE, Atsushi|Schl Political Sci/Econo|spring semester|['Tues.2']|['3-704']|https://www.wsl.waseda.jp/syllabus/JAA104.php?pKey=11G400115901202511G400115911&pLng=en
2025|ECNT331L|Advanced Game Theory [E] 01|KVASOV, Dmitriy|Schl Political Sci/Econo|summer quarter|['01:Wed.1', '02:Fri.1']|['undecided']|https://www.wsl.waseda.jp/syllabus/JAA104.php?pKey=11G400116001202511G400116011&pLng=en
2025|STAX201L|Mathematical Statistics [E] 01|INOUE, Kiyoshi|Schl Political Sci/Econo|fall semester|['Fri.3']|['3-406']|https://www.wsl.waseda.jp/syllabus/JAA104.php?pKey=11G400116101202511G400116111&pLng=en
2025|ECNH201L|Japanese Economic History (Intermediate) [E] 01|KAWASHIMA, Toshiki|Schl Political Sci/Econo|fall semester|['01:Tues.4', '02:Fri.4']|['01:3-602', '02:3-502']|https://www.wsl.waseda.jp/syllabus/JAA104.php?pKey=11G400116301202511G400116311&pLng=en
2025|ECNT221L|Econometrics II [E] 01|AWAYA, Naoki|Schl Political Sci/Econo|spring semester|['Mon.3']|['3-704']|https://www.wsl.waseda.jp/syllabus/JAA104.php?pKey=11G400116501202511G400116511&pLng=en
2025|ECNA231L|Public Economics [E] 01|PERVIN, Shahida|Schl Political Sci/Econo|spring semester|['Tues.1']|['3-704']|https://www.wsl.waseda.jp/syllabus/JAA104.php?pKey=11G400117101202511G400117111&pLng=en
2025|ECNA241L|Labor Economics I [E] 01|DEJARNETTE, Patrick|Schl Political Sci/Econo|spring semester|['Thur.5']|['3-701']|https://www.wsl.waseda.jp/syllabus/JAA104.php?pKey=11G400117201202511G400117211&pLng=en
2025|ECNA211L|Development Economics I [E] 01|INUI, Tomohiko|Schl Political Sci/Econo|fall semester|['Tues.2']|['3-301']|https://www.wsl.waseda.jp/syllabus/JAA104.php?pKey=11G400117301202511G400117311&pLng=en
2025|ECNA311L|Development Economics II [E] 01|HANIF, Ammazia|Schl Political Sci/Econo|fall semester|['Fri.3']|['3-704']|https://www.wsl.waseda.jp/syllabus/JAA104.php?pKey=11G400117401202511G400117411&pLng=en
2025|ECNT331L|Experimental Economics II [E] 01|VESZTEG, Robert Ferenc|Schl Political Sci/Econo|fall semester|['Fri.4']|['undecided']|https://www.wsl.waseda.jp/syllabus/JAA104.php?pKey=11G400117701202511G400117711&pLng=en
2025|ECNH301L|Issues in Japanese Economic History A [E] 01|KAWASHIMA, Toshiki|Schl Political Sci/Econo|spring semester|['Tues.4']|['3-401']|https://www.wsl.waseda.jp/syllabus/JAA104.php?pKey=11G400117801202511G400117811&pLng=en
2025|ECNH301L|Issues in Global Economic History B [E] 01|MOTONO, Eiichi|Schl Political Sci/Econo|fall semester|['Mon.2']|['3-702']|https://www.wsl.waseda.jp/syllabus/JAA104.php?pKey=11G400118101202511G400118111&pLng=en
2025|POLX311L|Political Parties [E] 01|JOU, Willy|Schl Political Sci/Econo|fall semester|['Thur.2']|['undecided']|https://www.wsl.waseda.jp/syllabus/JAA104.php?pKey=11G400118401202511G400118411&pLng=en
2025|POLX231L|Comparative Politics of New Democracies [E] 01|KELLAM, Marisa|Schl Political Sci/Econo|spring semester|['Tues.2']|['3-601']|https://www.wsl.waseda.jp/syllabus/JAA104.php?pKey=11G400118501202511G400118511&pLng=en
2025|ECNT301L|Advanced Econometrics (Cross-Section and Panel Data Analysis) [E] 01|ARAI, Yoichi|Schl Political Sci/Econo|summer quarter|['01:Wed.1', '02:othersOn demand']|['undecided']|https://www.wsl.waseda.jp/syllabus/JAA104.php?pKey=11G400118601202511G400118611&pLng=en
2025|STAX201L|Quantitative Analysis [E] 01|KUGAEVSKAIA, Elizaveta|Schl Political Sci/Econo|fall semester|['Tues.2']|['3-402']|https://www.wsl.waseda.jp/syllabus/JAA104.php?pKey=11G400118701202511G400118711&pLng=en
2025|STAX201L|Survey Research [E] 01|ONO, Yoshikuni|Schl Political Sci/Econo|spring semester|['Tues.3']|['3-908演習室']|https://www.wsl.waseda.jp/syllabus/JAA104.php?pKey=11G400118801202511G400118811&pLng=en
2025|POLX201L|Fundamentals of Political Science Research [E] 01|SEDDON, Jack|Schl Political Sci/Econo|spring semester|['Mon.3']|['3-304']|https://www.wsl.waseda.jp/syllabus/JAA104.php?pKey=11G400119001202511G400119011&pLng=en
2025|ECNA301L|Population Economics [E] 01|YOSHIDA, Masahiro|Schl Political Sci/Econo|fall semester|['Fri.4']|['3-702']|https://www.wsl.waseda.jp/syllabus/JAA104.php?pKey=11G400119101202511G400119111&pLng=en
2025|ECNA211L|Asian Economy [E] 01|TODO, Yasuyuki|Schl Political Sci/Econo|spring semester|['Thur.4']|['3-401']|https://www.wsl.waseda.jp/syllabus/JAA104.php?pKey=11G400119201202511G400119211&pLng=en
2025|ECNT411L|Advanced Microeconomics A [E] 01|NAITO, Takumi|Schl Political Sci/Econo|fall quarter|['01:Mon.2', '02:Wed.1']|['01:3-605', '02:3-704']|https://www.wsl.waseda.jp/syllabus/JAA104.php?pKey=11G400119301202511G400119311&pLng=en
2025|ECNT411L|Advanced Microeconomics A [E] 02|TANAKA, Hisatoshi|Schl Political Sci/Econo|spring quarter|['01:Mon.2', '02:Thur.2']|['01:3-306', '02:3-306']|https://www.wsl.waseda.jp/syllabus/JAA104.php?pKey=11G400119302202511G400119311&pLng=en
